{"cameraMode":{"drawMode":0,"name":"Shaded","section":"Shading Mode"},"sceneLighting":false,"audioPlay":false,"sceneViewState":{"showFog":true,"showMaterialUpdate":false,"showSkybox":false,"showFlares":true,"showImageEffects":true,"showParticleSystems":true},"in2DMode":false,"pivot":{"x":3.452834367752075,"y":0.03351699933409691,"z":-0.2866678535938263},"rotation":{"x":-0.1079958900809288,"y":0.7572005391120911,"z":-0.12959642708301545,"w":-0.6310836672782898},"size":6.433289527893066,"orthographic":false}