{"cameraMode":{"drawMode":0,"name":"Shaded","section":"Shading Mode"},"sceneLighting":false,"audioPlay":false,"sceneViewState":{"showFog":true,"showMaterialUpdate":false,"showSkybox":false,"showFlares":true,"showImageEffects":true,"showParticleSystems":true},"in2DMode":false,"pivot":{"x":-7.185979843139648,"y":1.5987366437911988,"z":7.667850494384766},"rotation":{"x":0.02100907638669014,"y":-0.7926385402679443,"z":0.027356788516044618,"w":0.6087161898612976},"size":5.512319564819336,"orthographic":false}