{"cameraMode":{"drawMode":0,"name":"Shaded","section":"Shading Mode"},"sceneLighting":false,"audioPlay":false,"sceneViewState":{"showFog":true,"showMaterialUpdate":false,"showSkybox":false,"showFlares":true,"showImageEffects":true,"showParticleSystems":true},"in2DMode":false,"pivot":{"x":9.305338859558106,"y":2.438389778137207,"z":-1.849387526512146},"rotation":{"x":-0.13669411838054658,"y":0.22985602915287019,"z":-0.03262697905302048,"w":-0.963029682636261},"size":1.3002851009368897,"orthographic":false}