{"cameraMode":{"drawMode":0,"name":"Shaded","section":"Shading Mode"},"sceneLighting":true,"audioPlay":false,"sceneViewState":{"showFog":true,"showMaterialUpdate":false,"showSkybox":true,"showFlares":true,"showImageEffects":true,"showParticleSystems":true},"in2DMode":false,"pivot":{"x":4.330411911010742,"y":3.0394883155822756,"z":-1.829643726348877},"rotation":{"x":-0.1204049363732338,"y":0.33737772703170779,"z":-0.043585143983364108,"w":-0.9326610565185547},"size":0.7273539900779724,"orthographic":false}