{"cameraMode":{"drawMode":0,"name":"Shaded","section":"Shading Mode"},"sceneLighting":true,"audioPlay":false,"sceneViewState":{"showFog":true,"showMaterialUpdate":false,"showSkybox":true,"showFlares":true,"showImageEffects":true,"showParticleSystems":true},"in2DMode":false,"pivot":{"x":4.228218078613281,"y":2.043139934539795,"z":-8.39324951171875},"rotation":{"x":-0.15175656974315644,"y":-0.02758234180510044,"z":0.004208595957607031,"w":-0.9880632758140564},"size":0.7273539900779724,"orthographic":false}