{"cameraMode":{"drawMode":0,"name":"Shaded","section":"Shading Mode"},"sceneLighting":false,"audioPlay":false,"sceneViewState":{"showFog":true,"showMaterialUpdate":false,"showSkybox":false,"showFlares":true,"showImageEffects":true,"showParticleSystems":true},"in2DMode":false,"pivot":{"x":3.4452245235443117,"y":-1.5638957023620606,"z":0.29485583305358889},"rotation":{"x":-0.25088730454444888,"y":0.20289836823940278,"z":-0.05387742444872856,"w":-0.9450199604034424},"size":6.433289527893066,"orthographic":false}