{"cameraMode":{"drawMode":0,"name":"Shaded","section":"Shading Mode"},"sceneLighting":false,"audioPlay":false,"sceneViewState":{"showFog":true,"showMaterialUpdate":false,"showSkybox":false,"showFlares":true,"showImageEffects":true,"showParticleSystems":true},"in2DMode":false,"pivot":{"x":9.109999656677246,"y":3.0510001182556154,"z":-0.5740000605583191},"rotation":{"x":-0.06660021841526032,"y":0.6334760785102844,"z":-0.05487075448036194,"w":-0.7689532041549683},"size":2.9791274070739748,"orthographic":false}