{"cameraMode":{"drawMode":0,"name":"Shaded","section":"Shading Mode"},"sceneLighting":true,"audioPlay":false,"sceneViewState":{"showFog":true,"showMaterialUpdate":false,"showSkybox":true,"showFlares":true,"showImageEffects":true,"showParticleSystems":true},"in2DMode":false,"pivot":{"x":8.7937650680542,"y":2.4873239994049074,"z":2.356886625289917},"rotation":{"x":-0.06544869393110275,"y":0.7738576531410217,"z":-0.08109612762928009,"w":-0.6247691512107849},"size":0.7273539900779724,"orthographic":false}